objectname,objectid,rating,numplays,weight,own,fortrade,want,wanttobuy,wanttoplay,prevowned,preordered,wishlist,wishlistpriority,wishlistcomment,comment,conditiontext,haspartslist,wantpartslist,collid,baverage,average,avgweight,rank,numowned,objecttype,originalname,minplayers,maxplayers,playingtime,maxplaytime,minplaytime,yearpublished,bggrecplayers,bggbestplayers,bggrecagerange,bgglanguagedependence,publisherid,imageid,year,language,other,itemtype,barcode,pricepaid,pp_currency,currvalue,cv_currency,acquisitiondate,acquiredfrom,quantity,privatecomment,invlocation,invdate,version_publishers,version_languages,version_yearpublished,version_nickname
"51st State: Master Set","192458","9","0","0","1","0","0","0","0","0","0","0","3","","","","","","136130325","7.03359","7.55442","2.8939","453","9823","thing","51st State: Master Set","1","4","90","90","60","2016","1,2,3,4","2","12+","Moderate in-game text - needs crib sheet or paste ups","","","","","","standalone","","","","","","","","","","","","","","",""
"6: Siege – The Board Game","338067","8","0","0","1","0","0","0","0","0","0","0","3","","","","","","135517410","5.64273","6.06248","3.4694","7445","1391","thing","6: Siege – The Board Game","2","4","60","60","60","2024","2","2","14+","Some necessary text - easily memorized or small crib sheet","","","","","","standalone","","","","","","","","","","","","","","",""
"Adrenaline","202408","7","0","0","1","0","0","0","0","0","0","0","3","","","","","","136103000","6.59577","6.98034","2.375","1081","9243","thing","Adrenaline","3","5","60","60","30","2016","3,4,5","4,5","10+","No necessary in-game text","","","","","","standalone","","","","","","","","","","","","","","",""
"Aeon's End: Outcasts","299317","9","0","0","1","0","0","0","0","0","0","0","3","","","","","","136130352","6.5127","8.48662","2.96","1250","4120","thing","Aeon's End: Outcasts","1","4","60","60","60","2020","1,2,3,4","2","10+","Extensive use of text - massive conversion needed to be playable","","","","","","standalone","","","","","","","","","","","","","","",""
"Aeon's End: War Eternal","218417","9","0","0","1","0","0","0","0","0","0","0","3","","","","","","136130345","7.46961","8.23317","2.9157","145","14413","thing","Aeon's End: War Eternal","1","4","60","60","60","2017","1,2,3,4","2","10+","Extensive use of text - massive conversion needed to be playable","","","","","","standalone","","","","","","","","","","","","","","",""
"Alchemists","161970","0","0","0","1","0","0","0","0","0","0","0","3","","","","","","136102994","7.39866","7.63726","3.925","172","32761","thing","Alchemists","2","4","120","120","120","2014","2,3,4","4","12+","Moderate in-game text - needs crib sheet or paste ups","","","","","","standalone","","","","","","","","","","","","","","",""
"Alone","181495","0","0","0","1","0","0","0","0","0","0","0","3","","","","","","135517426","6.03142","7.49306","3.3125","2918","2968","thing","Alone","2","4","120","120","60","2019","2,3","2","14+","Moderate in-game text - needs crib sheet or paste ups","","","","","","standalone","","","","","","","","","","","","","","",""
"Ankh: Gods of Egypt","285967","0","0","0","1","0","0","0","0","0","0","0","3","","","","","","135537032","7.28044","7.74628","3.1294","241","18883","thing","Ankh: Gods of Egypt","2","5","90","90","90","2021","2,3,4,5","2,4","12+","Moderate in-game text - needs crib sheet or paste ups","","","","","","standalone","","","","","","","","","","","","","","",""
"Ankh: Gods of Egypt – Guardians Set","308321","0","0","0","1","0","0","0","0","0","0","0","3","","","","","","135537044","6.04991","7.84745","3","0","6079","thing","Ankh: Gods of Egypt – Guardians Set","2","5","90","90","90","2021","2,3,4,5","2","","","","","","","","expansion","","","","","","","","","","","","","","",""
"Ankh: Gods of Egypt – Pantheon","307807","0","0","0","1","0","0","0","0","0","0","0","3","","","","","","135537048","6.27322","8.23268","3","0","6800","thing","Ankh: Gods of Egypt – Pantheon","2","5","90","90","90","2021","2,3,4,5","2","","","","","","","","expansion","","","","","","","","","","","","","","",""
"Apex Legends: The Board Game","380681","9","0","0","1","0","0","0","0","0","0","0","3","","","","","","136389078","5.61327","7.79935","3.4","8471","377","thing","Apex Legends: The Board Game","2","6","90","90","60","2025","2,4,5,6","4","12+","","","","","","","standalone","","","","","","","","","","","","","","",""
"Arcadia Quest","155068","8","0","0","1","0","0","0","0","0","0","0","3","","","","","","136130538","7.13731","7.58907","2.5335","352","16951","thing","Arcadia Quest","2","4","60","60","60","2014","2,3,4","4","10+","Moderate in-game text - needs crib sheet or paste ups","","","","","","standalone","","","","","","","","","","","","","","",""
"Arcadia Quest: Beyond the Grave","156089","8","0","0","1","0","0","0","0","0","0","0","3","","","","","","136130550","6.3608","8.24724","2.6667","0","5663","thing","Arcadia Quest: Beyond the Grave","2","4","60","60","60","2015","2,3,4","4","8+","Some necessary text - easily memorized or small crib sheet","","","","","","expansion","","","","","","","","","","","","","","",""
"Arcadia Quest: Inferno","179803","8","0","0","1","0","0","0","0","0","0","0","3","","","","","","136130558","6.64237","7.85163","2.4615","1001","7921","thing","Arcadia Quest: Inferno","2","4","120","120","60","2017","2,3,4","4","10+","Moderate in-game text - needs crib sheet or paste ups","","","","","","standalone","","","","","","","","","","","","","","",""
"Arena: The Contest","219217","9","0","0","1","0","0","0","0","0","0","0","3","","","","","","136267095","6.08769","8.44154","2.8113","2653","2652","thing","Arena: The Contest","1","8","90","90","45","2019","1,2,3,4,6,8","2,4","8+","Extensive use of text - massive conversion needed to be playable","","","","","","standalone","","","","","","","","","","","","","","",""
"Arkham Horror: The Card Game – Revised Core Set","359609","9","0","0","1","0","0","0","0","0","0","0","3","","","","","","136328553","7.49497","8.60191","3.7707","133","11482","thing","Arkham Horror: The Card Game – Revised Core Set","1","4","180","180","45","2021","1,2,3,4","2","14+","Extensive use of text - massive conversion needed to be playable","","","","","","standalone","","","","","","","","","","","","","","",""
"Arkham Horror: The Card Game – The Path to Carcosa: Expansion","225563","8","0","0","1","0","0","0","0","0","0","0","3","","","","","","136328576","6.96909","8.71976","3.5172","0","12505","thing","Arkham Horror: The Card Game – The Path to Carcosa: Expansion","1","2","120","120","60","2017","1,2","2","14+","Extensive use of text - massive conversion needed to be playable","","","","","","expansion","","","","","","","","","","","","","","",""
"Ascension Tactics: Miniatures Deckbuilding Game","304531","0","0","0","1","0","0","0","0","0","0","0","3","","","","","","135517480","6.19678","7.83529","2.5385","2194","2425","thing","Ascension Tactics: Miniatures Deckbuilding Game","1","4","90","90","45","2022","1,2,3,4","2","10+","Extensive use of text - massive conversion needed to be playable","","","","","","standalone","","","","","","","","","","","","","","",""
"Batman: Gotham City Chronicles","222514","0","0","0","1","0","0","0","0","0","0","0","3","","","","","","136130244","6.48369","7.6049","3.7734","1317","6724","thing","Batman: Gotham City Chronicles","2","4","90","90","60","2019","2,3,4","2","10+","No necessary in-game text","","","","","","standalone","","","","","","","","","","","","","","",""
"Batman: Gotham City Chronicles – Arkham Asylum Expansion","250665","7","0","0","1","0","0","0","0","0","0","0","3","","","","","","136130280","5.66146","8.33044","4","0","2582","thing","Batman: Gotham City Chronicles – Arkham Asylum Expansion","2","4","90","90","60","2019","2,3,4","4","","No necessary in-game text","","","","","","expansion","","","","","","","","","","","","","","",""
"Batman: Gotham City Chronicles – Gotham City in Flames","377986","0","0","0","1","0","0","0","0","0","0","0","3","","","","","","136130319","0","8.32353","0","0","564","thing","Batman: Gotham City Chronicles – Gotham City in Flames","2","4","90","90","60","2023","","","","","","","","","","expansion","","","","","","","","","","","","","","",""
"Batman: Gotham City Chronicles – Versus Expansion","248759","0","0","0","1","0","0","0","0","0","0","0","3","","","","","","136130441","5.66412","8.00324","3","0","2710","thing","Batman: Gotham City Chronicles – Versus Expansion","2","4","90","90","60","2019","2,4","2","","","","","","","","expansion","","","","","","","","","","","","","","",""
"Batman: Gotham City Chronicles – Wayne Manor Expansion","248114","0","0","0","1","0","0","0","0","0","0","0","3","","","","","","136130442","5.65125","8.22481","3","0","2543","thing","Batman: Gotham City Chronicles – Wayne Manor Expansion","2","4","90","90","60","2019","2,3,4","4","","No necessary in-game text","","","","","","expansion","","","","","","","","","","","","","","",""
"Black Rose Wars: Sator Box","312230","0","0","0","1","0","0","0","0","0","0","0","3","","","","","","135517071","5.87268","8.77644","3.3333","0","1901","thing","Black Rose Wars: Sator Box","1","6","180","180","90","2020","3,4,5,6","5","12+","Extensive use of text - massive conversion needed to be playable","","","","","","expansion","","","","","","","","","","","","","","",""
"burncycle","322656","8","0","0","1","0","0","0","0","0","0","0","3","","","","","","136130379","6.39622","7.90413","4.055","1554","3623","thing","burncycle","1","4","180","180","45","2022","1,2,3","1,2","12+","Moderate in-game text - needs crib sheet or paste ups","","","","","","standalone","","","","","","","","","","","","","","",""
"Chronicles of Drunagor: Age of Darkness – Dice Roller Dungeon Role","377108","0","0","0","1","0","0","0","0","0","0","0","3","","","","","","136130236","0","8.83333","0","0","104","thing","Chronicles of Drunagor: Age of Darkness – Dice Roller Dungeon Role","1","5","0","0","0","2022","","","","","","","","","","expansion","","","","","","","","","","","","","","",""
"Clash of Cultures: Monumental Edition","299659","10","0","0","1","0","0","0","0","0","0","0","3","","","","","","136130327","7.30346","8.27367","3.7243","232","8405","thing","Clash of Cultures: Monumental Edition","2","4","240","240","180","2021","2,3,4","3,4","14+","Moderate in-game text - needs crib sheet or paste ups","","","","","","standalone","","","","","","","","","","","","","","",""
"Claustrophobia 1643","257518","8","0","0","1","0","0","0","0","0","0","0","3","","","","","","136130277","6.45336","7.9859","2.6923","1406","4065","thing","Claustrophobia 1643","2","2","90","90","45","2019","2","2","12+","Moderate in-game text - needs crib sheet or paste ups","","","","","","standalone","","","","","","","","","","","","","","",""
"Cloudspire","262211","9","0","0","1","0","0","0","0","0","0","0","3","","","","","","135537192","7.14118","8.16931","4.393","346","8235","thing","Cloudspire","1","4","180","180","90","2019","1,2,3,4","1,2","14+","Moderate in-game text - needs crib sheet or paste ups","","","","","","standalone","","","","","","","","","","","","","","",""
"Company of Heroes: 2nd Edition","364356","9","0","0","1","0","0","0","0","0","0","0","3","","","","","","136327528","5.68022","8.85723","3.2143","6526","355","thing","Company of Heroes: 2nd Edition","2","2","150","150","90","2025","1,2","2","14+","Moderate in-game text - needs crib sheet or paste ups","","","","","","standalone","","","","","","","","","","","","","","",""
"Company of Heroes: British Faction Player Set","370366","9","0","0","1","0","0","0","0","0","0","0","3","","","","","","136327553","0","8.4","0","0","108","thing","Company of Heroes: British Faction Player Set","2","3","0","0","0","2023","","","","","","","","","","expansion","","","","","","","","","","","","","","",""
"Company of Heroes: Eastern Reinforcements Pack","292067","8","0","0","1","0","0","0","0","0","0","0","3","","","","","","136327535","5.55049","8.36981","4","0","491","thing","Company of Heroes: Eastern Reinforcements Pack","2","4","90","90","60","2021","","","","Some necessary text - easily memorized or small crib sheet","","","","","","expansion","","","","","","","","","","","","","","",""
"Company of Heroes: Lost Brigades","370177","9","0","0","1","0","0","0","0","0","0","0","3","","","","","","136327550","0","9.85714","0","0","123","thing","Company of Heroes: Lost Brigades","0","0","0","0","0","2023","","","","","","","","","","expansion","","","","","","","","","","","","","","",""
"Company of Heroes: OKW Faction Player Set","370367","9","0","0","1","0","0","0","0","0","0","0","3","","","","","","136327557","0","8.875","0","0","105","thing","Company of Heroes: OKW Faction Player Set","2","3","0","0","0","2023","","","","","","","","","","expansion","","","","","","","","","","","","","","",""
"Company of Heroes: Pathfinder Pack","292068","9","0","0","1","0","0","0","0","0","0","0","3","","","","","","136327541","5.54624","8.24346","4","0","468","thing","Company of Heroes: Pathfinder Pack","2","4","90","90","60","2021","","","","Some necessary text - easily memorized or small crib sheet","","","","","","expansion","","","","","","","","","","","","","","",""
"Company of Heroes: Soviet Faction Player Set","370365","9","0","0","1","0","0","0","0","0","0","0","3","","","","","","136327551","0","9.125","0","0","104","thing","Company of Heroes: Soviet Faction Player Set","2","3","0","0","0","2023","","","","","","","","","","expansion","","","","","","","","","","","","","","",""
"Company of Heroes: STUG Assault Pack","292069","8","0","0","1","0","0","0","0","0","0","0","3","","","","","","136327545","5.53392","8.1525","0","0","443","thing","Company of Heroes: STUG Assault Pack","2","4","90","90","60","2021","","","","Some necessary text - easily memorized or small crib sheet","","","","","","expansion","","","","","","","","","","","","","","",""
"Company of Heroes: USA Faction Player Set","370368","8","0","0","1","0","0","0","0","0","0","0","3","","","","","","136327562","0","7.875","0","0","61","thing","Company of Heroes: USA Faction Player Set","2","2","0","0","0","2023","","","","","","","","","","expansion","","","","","","","","","","","","","","",""
"Conan","160010","10","0","0","1","0","0","0","0","0","0","0","3","","","","","","136130269","6.796","7.63091","2.7698","741","9659","thing","Conan","2","5","90","90","90","2016","2,3,4,5","4","12+","Some necessary text - easily memorized or small crib sheet","","","","","","standalone","","","","","","","","","","","","","","",""
"Cthulhu Wars","139976","8","0","0","1","0","0","0","0","0","0","0","3","","","","","","136327643","7.15448","7.84006","3.149","336","8295","thing","Cthulhu Wars","2","4","120","120","90","2015","3,4","4","12+","Moderate in-game text - needs crib sheet or paste ups","","","","","","standalone","","","","","","","","","","","","","","",""
"Dark Ages: Heritage of Charlemagne","295535","9","0","0","1","0","0","0","0","0","0","0","3","","","","","","136130335","5.9649","7.7899","3.5312","3307","1433","thing","Dark Ages: Heritage of Charlemagne","1","4","180","180","120","2021","1,2,3,4","3,4","12+","Moderate in-game text - needs crib sheet or paste ups","","","","","","standalone","","","","","","","","","","","","","","",""
"Dark Rituals: Malleus Maleficarum","256964","9","0","0","1","0","0","0","0","0","0","0","3","","","","","","136267055","5.67072","7.79045","2.8889","6737","1063","thing","Dark Rituals: Malleus Maleficarum","2","5","90","90","60","2020","1,2,3,5","3","","","","","","","","standalone","","","","","","","","","","","","","","",""
"Dark Rituals: Malleus Maleficarum – Kickstarter Exclusive Stretch Goals","326113","8","0","0","1","0","0","0","0","0","0","0","3","","","","","","136267083","0","8.09737","0","0","292","thing","Dark Rituals: Malleus Maleficarum – Kickstarter Exclusive Stretch Goals","2","5","90","90","60","2020","","","","","","","","","","expansion","","","","","","","","","","","","","","",""
"Dark Rituals: Malleus Maleficarum – The Cursed Fjord","271224","8","0","0","1","0","0","0","0","0","0","0","3","","","","","","136267087","5.53026","8.35758","0","0","547","thing","Dark Rituals: Malleus Maleficarum – The Cursed Fjord","2","5","90","90","60","2020","","","","","","","","","","expansion","","","","","","","","","","","","","","",""
"Deep Madness","202077","0","0","0","1","0","0","0","0","0","0","0","3","","","","","","135517271","6.40227","7.8013","3.4556","1541","4991","thing","Deep Madness","1","6","120","120","60","2018","1,2,3,4,5,6","3","14+","Extensive use of text - massive conversion needed to be playable","","","","","","standalone","","","","","","","","","","","","","","",""
"Descent: Journeys in the Dark (Second Edition)","104162","8","0","0","1","0","0","0","0","0","0","0","3","","","","","","136327672","7.32658","7.6068","3.2146","216","41071","thing","Descent: Journeys in the Dark (Second Edition)","1","5","120","120","120","2012","2,3,4,5","5","12+","Extensive use of text - massive conversion needed to be playable","","","","","","standalone","","","","","","","","","","","","","","",""
"Descent: Journeys in the Dark (Second Edition) – Crusade of the Forgotten","158496","9","0","0","1","0","0","0","0","0","0","0","3","","","","","","136361615","5.81888","8.05941","3","0","2651","thing","Descent: Journeys in the Dark (Second Edition) – Crusade of the Forgotten","2","5","120","120","120","2014","","","","","","","","","","expansion","","","","","","","","","","","","","","",""
"Descent: Journeys in the Dark (Second Edition) – Guardians of Deephall","162290","8","0","0","1","0","0","0","0","0","0","0","3","","","","","","136361617","5.78809","8.03338","3","0","2359","thing","Descent: Journeys in the Dark (Second Edition) – Guardians of Deephall","2","5","180","180","120","2014","","","","","","","","","","expansion","","","","","","","","","","","","","","",""
"Descent: Journeys in the Dark (Second Edition) – Lair of the Wyrm","129423","10","0","0","1","0","0","0","0","0","0","0","3","","","","","","136361542","6.54791","7.89262","3.0625","0","9834","thing","Descent: Journeys in the Dark (Second Edition) – Lair of the Wyrm","2","5","120","120","120","2012","2,3,4,5","5","12+","Extensive use of text - massive conversion needed to be playable","","","","","","expansion","","","","","","","","","","","","","","",""
"Descent: Journeys in the Dark (Second Edition) – Mists of Bilehall","181613","8","0","0","1","0","0","0","0","0","0","0","3","","","","","","136361606","5.97555","8.17896","3.3333","0","4014","thing","Descent: Journeys in the Dark (Second Edition) – Mists of Bilehall","2","5","120","120","120","2015","3,4,5","5","14+","Extensive use of text - massive conversion needed to be playable","","","","","","expansion","","","","","","","","","","","","","","",""
"Descent: Journeys in the Dark (Second Edition) – Shards of Everdark","193219","8","0","0","1","0","0","0","0","0","0","0","3","","","","","","136361574","5.72776","8.15451","3","0","1932","thing","Descent: Journeys in the Dark (Second Edition) – Shards of Everdark","2","5","120","120","120","2016","","","","","","","","","","expansion","","","","","","","","","","","","","","",""
"Descent: Journeys in the Dark (Second Edition) – Stewards of the Secret","186341","8","0","0","1","0","0","0","0","0","0","0","3","","","","","","136361600","5.71831","8.0348","3","0","1840","thing","Descent: Journeys in the Dark (Second Edition) – Stewards of the Secret","2","5","120","120","120","2016","","","","","","","","","","expansion","","","","","","","","","","","","","","",""
"Descent: Journeys in the Dark (Second Edition) – The Chains That Rust","199884","8","0","0","1","0","0","0","0","0","0","0","3","","","","","","136361572","5.92157","8.23745","3.5","0","3458","thing","Descent: Journeys in the Dark (Second Edition) – The Chains That Rust","2","5","120","0","120","2016","","","","","","","","","","expansion","","","","","","","","","","","","","","",""
"Descent: Journeys in the Dark (Second Edition) – Visions of Dawn","171315","9","0","0","1","0","0","0","0","0","0","0","3","","","","","","136361610","5.76812","8.07646","3","0","2241","thing","Descent: Journeys in the Dark (Second Edition) – Visions of Dawn","2","5","120","120","120","2015","","","","","","","","","","expansion","","","","","","","","","","","","","","",""
"DOOM: The Board Game","205317","9","0","0","1","0","0","0","0","0","0","0","3","","","","","","135963149","6.30433","7.3687","2.9833","1803","5190","thing","DOOM: The Board Game","2","5","180","180","120","2016","3,4,5","5","12+","Extensive use of text - massive conversion needed to be playable","","","","","","standalone","","","","","","","","","","","","","","",""
"Dune: Imperium – Uprising","397598","8","0","0","1","0","0","0","0","0","0","0","3","","","","","","136130931","8.18008","8.70643","3.5021","9","22830","thing","Dune: Imperium – Uprising","1","6","120","120","60","2023","1,2,3,4,6","4","12+","Moderate in-game text - needs crib sheet or paste ups","","","","","","standalone","","","","","","","","","","","","","","",""
"Dune: War for Arrakis","367150","9","0","0","1","0","0","0","0","0","0","0","3","","","","","","136130925","7.16304","8.48604","3.6331","331","7579","thing","Dune: War for Arrakis","1","4","120","120","120","2024","2,4","2","12+","Moderate in-game text - needs crib sheet or paste ups","","","","","","standalone","","","","","","","","","","","","","","",""
"Dune: War for Arrakis –  The Spacing Guild","370796","0","0","0","1","0","0","0","0","0","0","0","3","","","","","","136130927","5.7399","8.34071","0","0","2962","thing","Dune: War for Arrakis –  The Spacing Guild","2","4","120","120","120","2024","","","","","","","","","","expansion","","","","","","","","","","","","","","",""
"Dune: War for Arrakis – Smugglers","371018","0","0","0","1","0","0","0","0","0","0","0","3","","","","","","136130926","5.64372","8.50647","0","0","1736","thing","Dune: War for Arrakis – Smugglers","1","4","120","120","120","2024","2","2","","","","","","","","expansion","","","","","","","","","","","","","","",""
"Dungeon Lords","45315","0","0","0","1","0","0","0","0","0","0","0","3","","","","","","136102996","7.06573","7.34492","3.5737","425","16676","thing","Dungeon Lords","2","4","90","90","90","2009","2,3,4","4","12+","Moderate in-game text - needs crib sheet or paste ups","","","","","","standalone","","","","","","","","","","","","","","",""
"Dungeons & Dragons: Onslaught","359835","8","0","0","1","0","0","0","0","0","0","0","3","","","","","","136130586","5.60762","7.46096","3","8736","579","thing","Dungeons & Dragons: Onslaught","2","2","90","0","90","2023","2","2","8+","Extensive use of text - massive conversion needed to be playable","","","","","","standalone","","","","","","","","","","","","","","",""
"Dungeons & Dragons: Onslaught – Many Arrows Faction Pack","385628","0","0","0","1","0","0","0","0","0","0","0","3","","","","","","136130601","0","8.91667","0","0","119","thing","Dungeons & Dragons: Onslaught – Many Arrows Faction Pack","2","4","120","120","90","2023","","","","","","","","","","expansion","","","","","","","","","","","","","","",""
"The Edge: Dawnfall","207729","0","0","0","1","0","0","0","0","0","0","0","3","","","","","","135517031","6.11565","8.20106","3.0588","2525","2258","thing","The Edge: Dawnfall","1","4","90","90","60","2020","1,2,3,4","2","12+","Extensive use of text - massive conversion needed to be playable","","","","","","standalone","","","","","","","","","","","","Awaken Realms","English","2020","English 1.6 edition"
"Euthia: Torment of Resurrection","295785","9","0","0","1","0","0","0","0","0","0","0","3","","","","","","136130464","6.43582","8.52519","3.5321","1451","2966","thing","Euthia: Torment of Resurrection","1","4","480","480","60","2021","1,2,3","2","12+","Some necessary text - easily memorized or small crib sheet","","","","","","standalone","","","","","","","","","","","","","","",""
"Fresco: Big Box","139991","9","0","0","1","0","0","0","0","0","0","0","3","","","","","","136327602","6.41908","7.66823","2.7544","0","4580","thing","Fresco: Big Box","2","4","60","60","60","2014","2,3,4","4","10+","No necessary in-game text","","","","","","standalone","","","","","","","","","","","","","","",""
"Fury of Dracula (Third/Fourth Edition)","181279","0","0","0","1","0","0","0","0","0","0","0","3","","","","","","135517379","7.10307","7.40272","3.2876","388","26030","thing","Fury of Dracula (Third/Fourth Edition)","2","5","180","180","120","2015","2,3,4,5","3,5","12+","Extensive use of text - massive conversion needed to be playable","","","","","","standalone","","","","","","","","","","","","","","",""
"Guards of Atlantis II","267609","9","0","0","1","0","0","0","0","0","0","0","3","","","","","","136130415","6.6797","8.40325","3.3443","925","2720","thing","Guards of Atlantis II","4","10","120","120","90","2022","4,6,8,10","4,6","12+","Moderate in-game text - needs crib sheet or paste ups","","","","","","standalone","","","","","","","","","","","","","","",""
"HATE","233868","8","0","0","1","0","0","0","0","0","0","0","3","","","","","","136267133","6.04458","7.66347","2.4878","2857","3019","thing","HATE","2","6","120","120","60","2019","2,4,6","2,4","16+","Some necessary text - easily memorized or small crib sheet","","","","","","standalone","","","","","","","","","","","","","","",""
"HATE: The Mother Prophecy","246987","7","0","0","1","0","0","0","0","0","0","0","3","","","","","","136267146","5.59972","8.21712","3","0","1198","thing","HATE: The Mother Prophecy","2","6","120","120","60","2019","","","","","","","","","","expansion","","","","","","","","","","","","","","",""
"Hegemony: Lead Your Class to Victory","321608","0","0","0","1","0","0","0","0","0","0","0","3","","","","","","135537056","7.81466","8.40747","4.2335","43","16936","thing","Hegemony: Lead Your Class to Victory","2","4","180","180","90","2023","2,3,4","4","16+","Extensive use of text - massive conversion needed to be playable","","","","","","standalone","","","","","","","","","","","","","","",""
"Hegemony: Lead Your Class to Victory – Crisis & Control","374250","0","0","0","1","0","0","0","0","0","0","0","3","","","","","","135537068","6.08353","8.43755","4.4815","0","4962","thing","Hegemony: Lead Your Class to Victory – Crisis & Control","1","4","180","180","90","2023","1,2,3,4","1,4","14+","Moderate in-game text - needs crib sheet or paste ups","","","","","","expansion","","","","","","","","","","","","","","",""
"Heroscape Master Set: Age of Annihilation","368557","9","0","0","1","0","0","0","0","0","0","0","3","","","","","","137370122","5.74347","8.69816","2.5","5354","796","thing","Heroscape Master Set: Age of Annihilation","2","2","120","120","60","2024","2","2","8+","Extensive use of text - massive conversion needed to be playable","","","","","","standalone","","","","","","","","","","","","","","",""
"Hoplomachus: Remastered","338434","8","0","0","1","0","0","0","0","0","0","0","3","","","","","","136327630","6.11091","8.03276","2.7083","2540","2418","thing","Hoplomachus: Remastered","1","4","60","60","60","2023","1,2,4","2","12+","","","","","","","standalone","","","","","","","","","","","","","","",""
"Horus Heresy","63543","0","0","0","1","0","0","0","0","0","0","0","3","","","","","","136130453","6.15184","7.04648","3.7758","2362","4552","thing","Horus Heresy","2","2","135","135","135","2010","2","2","14+","Extensive use of text - massive conversion needed to be playable","","","","","","standalone","","","","","","","","","","","","","","",""
"Icaion","276090","0","0","0","1","0","0","0","0","0","0","0","3","","","","","","135517276","5.85845","7.37673","3.2692","4090","1727","thing","Icaion","2","5","120","120","90","2020","2,3,4","3","10+","No necessary in-game text","","","","","","standalone","","","","","","","","","","","","","","",""
"Ivion: The Fox & The Forest","368720","0","0","0","1","0","0","0","0","0","0","0","3","","","","","","135537149","0","7.88","3","0","193","thing","Ivion: The Fox & The Forest","2","4","30","30","15","2023","2,4","2","12+","Unplayable in another language","","","","","","standalone","","","","","","","","","","","","","","",""
"Ivion: The Hound & The Hare","264205","0","0","0","1","0","0","0","0","0","0","0","3","","","","","","135537118","5.56899","7.77671","2.6667","11016","334","thing","Ivion: The Hound & The Hare","2","4","30","30","15","2021","2","2","12+","Extensive use of text - massive conversion needed to be playable","","","","","","standalone","","","","","","","","","","","","","","",""
"Ivion: The Knight & The Lady","344117","0","0","0","1","0","0","0","0","0","0","0","3","","","","","","135537125","5.57097","7.69488","2.6667","10862","327","thing","Ivion: The Knight & The Lady","2","4","30","30","15","2021","2,4","2","12+","Unplayable in another language","","","","","","standalone","","","","","","","","","","","","","","",""
"Ivion: The Ram & The Raven","368605","0","0","0","1","0","0","0","0","0","0","0","3","","","","","","135537141","0","8.1","3","0","177","thing","Ivion: The Ram & The Raven","2","4","30","30","15","2023","2,4","2","12+","Unplayable in another language","","","","","","standalone","","","","","","","","","","","","","","",""
"Ivion: The Sun & The Stars","344118","0","0","0","1","0","0","0","0","0","0","0","3","","","","","","135537135","5.57276","7.94286","2.8","10707","319","thing","Ivion: The Sun & The Stars","2","4","30","30","15","2022","2,4","2","12+","Unplayable in another language","","","","","","standalone","","","","","","","","","","","","","","",""
"Jaws","272738","8","0","0","1","0","0","0","0","0","0","0","3","","","","","","136130385","6.6111","7.07139","2.1575","1051","17270","thing","Jaws","2","4","60","60","60","2019","2,3,4","4","10+","Some necessary text - easily memorized or small crib sheet","","","","","","standalone","","","","","","","","","","","","","","",""
"Krosmaster Arena 2.0","203719","8","0","0","1","0","0","0","0","0","0","0","3","","","","","","136130578","5.72242","7.13083","2.7143","5700","1562","thing","Krosmaster Arena 2.0","2","4","60","60","45","2016","2","2","8+","Moderate in-game text - needs crib sheet or paste ups","","","","","","standalone","","","","","","","","","","","","","","",""
"Krosmaster Junior","155822","7","0","0","1","0","0","0","0","0","0","0","3","","","","","","136130579","5.5491","5.9614","1","12890","1258","thing","Krosmaster Junior","2","4","15","15","5","2014","2,3,4","2","6+","Some necessary text - easily memorized or small crib sheet","","","","","","standalone","","","","","","","","","","","","","","",""
"Krosmaster: Arena","112138","7","0","0","1","0","0","0","0","0","0","0","3","","","","","","136130563","6.18812","6.69491","2.6703","2231","7866","thing","Krosmaster: Arena","2","4","60","60","45","2012","2,4","2","10+","Moderate in-game text - needs crib sheet or paste ups","","","","","","standalone","","","","","","","","","","","","","","",""
"Krosmaster: Quest","155827","7","0","0","1","0","0","0","0","0","0","0","3","","","","","","136130571","5.69828","6.7523","3.0833","6127","2285","thing","Krosmaster: Quest","2","6","180","180","120","2015","3,4,5","4,5","6+","","","","","","","standalone","","","","","","","","","","","","","","",""
"Last Will","97842","0","0","0","1","0","0","0","0","0","0","0","3","","","","","","136102999","6.8654","7.16358","2.7202","654","12693","thing","Last Will","2","5","75","75","45","2011","2,3,4,5","4","12+","No necessary in-game text","","","","","","standalone","","","","","","","","","","","","","","",""
"The Lord of the Rings: Duel for Middle-earth","421006","8","0","0","1","0","0","0","0","0","0","0","3","","","","","","136130654","7.89617","8.35989","2.0595","32","30671","thing","The Lord of the Rings: Duel for Middle-earth","2","2","30","30","30","2024","2","2","10+","No necessary in-game text","","","","","","standalone","","","","","","","","","","","","","","",""
"The Lord of the Rings: Journeys in Middle-Earth","269385","0","0","0","1","0","0","0","0","0","0","0","3","","","","","","135537089","7.48561","7.89448","2.6901","139","32270","thing","The Lord of the Rings: Journeys in Middle-Earth","1","5","120","120","60","2019","1,2,3,4","2","10+","Extensive use of text - massive conversion needed to be playable","","","","","","standalone","","","","","","","","","","","","","","",""
"The Lord of the Rings: Journeys in Middle-earth – Dwellers in Darkness Figure Pack","316630","0","0","0","1","0","0","0","0","0","0","0","3","","","","","","135537095","6.22376","8.15094","2.9333","0","7497","thing","The Lord of the Rings: Journeys in Middle-earth – Dwellers in Darkness Figure Pack","1","5","120","120","60","2020","1,2,3,4","1,2,3","10+","Extensive use of text - massive conversion needed to be playable","","","","","","expansion","","","","","","","","","","","","","","",""
"The Lord of the Rings: Journeys in Middle-Earth – Scourges of the Wastes Figure Pack","367925","0","0","0","1","0","0","0","0","0","0","0","3","","","","","","135537104","5.87668","8.37853","2.8571","0","4210","thing","The Lord of the Rings: Journeys in Middle-Earth – Scourges of the Wastes Figure Pack","1","5","120","120","60","2022","1,2,3,4","2,3","10+","Extensive use of text - massive conversion needed to be playable","","","","","","expansion","","","","","","","","","","","","","","",""
"The Lord of the Rings: Journeys in Middle-earth – Shadowed Paths Expansion","299597","0","0","0","1","0","0","0","0","0","0","0","3","","","","","","135537098","6.82674","8.59834","2.9688","0","10677","thing","The Lord of the Rings: Journeys in Middle-earth – Shadowed Paths Expansion","1","5","120","120","60","2020","1,2,3,4","1,3","12+","Extensive use of text - massive conversion needed to be playable","","","","","","expansion","","","","","","","","","","","","","","",""
"The Lord of the Rings: Journeys in Middle-Earth – Spreading War Expansion","342189","0","0","0","1","0","0","0","0","0","0","0","3","","","","","","135537093","6.35041","8.63851","2.75","0","7225","thing","The Lord of the Rings: Journeys in Middle-Earth – Spreading War Expansion","1","5","120","120","60","2021","1,2,3,4","2,3","12+","Extensive use of text - massive conversion needed to be playable","","","","","","expansion","","","","","","","","","","","","","","",""
"Lords of Hellas","222509","0","0","0","1","0","0","0","0","0","0","0","3","","","","","","135517581","7.03486","7.622","3.3333","451","11649","thing","Lords of Hellas","1","4","90","90","60","2018","2,3,4","4","12+","Moderate in-game text - needs crib sheet or paste ups","","","","","","standalone","","","","","","","","","","","","","","",""
"Lords of Hellas: Atlas","238986","0","0","0","1","0","0","0","0","0","0","0","3","","","","","","136130507","5.66603","7.89721","4","0","2147","thing","Lords of Hellas: Atlas","1","4","240","240","60","2018","","","","","","","","","","expansion","","","","","","","","","","","","","","",""
"Lords of Hellas: City of Steel","238984","0","0","0","1","0","0","0","0","0","0","0","3","","","","","","136130508","5.70242","7.99554","4","0","2335","thing","Lords of Hellas: City of Steel","1","6","0","0","0","2018","5,6","2,6","","","","","","","","expansion","","","","","","","","","","","","","","",""
"Lords of Hellas: Lord of the Sun","238982","0","0","0","1","0","0","0","0","0","0","0","3","","","","","","136130516","5.70136","8.04057","4","0","2242","thing","Lords of Hellas: Lord of the Sun","1","4","0","0","0","2018","","","","","","","","","","expansion","","","","","","","","","","","","","","",""
"Lords of Waterdeep","110327","10","0","0","1","0","0","0","0","0","0","0","3","","","","","","136130940","7.58539","7.73061","2.4495","102","73295","thing","Lords of Waterdeep","2","5","120","120","60","2012","2,3,4,5","3,4","10+","Moderate in-game text - needs crib sheet or paste ups","","","","","","standalone","","","","","","","","","","","","","","",""
"Lords of Waterdeep: Scoundrels of Skullport","134342","10","0","0","1","0","0","0","0","0","0","0","3","","","","","","136130942","7.79563","8.20949","2.6496","0","35267","thing","Lords of Waterdeep: Scoundrels of Skullport","2","6","60","60","60","2013","2,3,4,5,6","4","12+","Moderate in-game text - needs crib sheet or paste ups","","","","","","expansion","","","","","","","","","","","","","","",""
"Mage Wars Academy","172503","8","0","0","1","0","0","0","0","0","0","0","3","","","","","","136327471","6.06261","7.08808","3.1212","2766","3996","thing","Mage Wars Academy","2","2","30","30","30","2015","2","2","10+","Extensive use of text - massive conversion needed to be playable","","","","","","standalone","","","","","","","","","","","","","","",""
"Mage Wars Arena","101721","9","0","0","1","0","0","0","0","0","0","0","3","","","","","","136327426","7.01882","7.56887","3.6827","467","14088","thing","Mage Wars Arena","2","2","90","90","90","2012","2","2","12+","Extensive use of text - massive conversion needed to be playable","","","","","","standalone","","","","","","","","","","","","","","",""
"Mage Wars Arena: Battlegrounds Domination","174451","8","0","0","1","0","0","0","0","0","0","0","3","","","","","","136327454","5.71176","7.96372","4","0","1372","thing","Mage Wars Arena: Battlegrounds Domination","2","4","90","90","45","2015","","","","Extensive use of text - massive conversion needed to be playable","","","","","","expansion","","","","","","","","","","","","","","",""
"Mage Wars Arena: Forcemaster vs Warlord Expansion Set","133798","9","0","0","1","0","0","0","0","0","0","0","3","","","","","","136327438","6.2651","8.14154","3.641","0","3676","thing","Mage Wars Arena: Forcemaster vs Warlord Expansion Set","2","2","90","90","90","2013","2","2","12+","Extensive use of text - massive conversion needed to be playable","","","","","","expansion","","","","","","","","","","","","","","",""
"Mage Wars Arena: Paladin vs Siren Expansion Set","202760","8","0","0","1","0","0","0","0","0","0","0","3","","","","","","136327461","5.72129","8.47015","3.5","0","1157","thing","Mage Wars Arena: Paladin vs Siren Expansion Set","2","2","0","0","0","2016","2","2","14+","Extensive use of text - massive conversion needed to be playable","","","","","","expansion","","","","","","","","","","","","","","",""
"Mage Wars: Druid vs. Necromancer","142359","8","0","0","1","0","0","0","0","0","0","0","3","","","","","","136327443","6.18016","8.26738","3.4643","0","3140","thing","Mage Wars: Druid vs. Necromancer","2","2","90","90","90","2013","2","2","10+","Moderate in-game text - needs crib sheet or paste ups","","","","","","expansion","","","","","","","","","","","","","","",""
"Mansions of Madness: Second Edition","205059","8","0","0","1","0","0","0","0","0","0","0","3","","","","","","136328583","7.68804","7.92243","2.6996","71","63719","thing","Mansions of Madness: Second Edition","1","5","180","180","120","2016","1,2,3,4,5","3,4","12+","Extensive use of text - massive conversion needed to be playable","","","","","","standalone","","","","","","","","","","","","","","",""
"Mare Nostrum: Empires","174785","8","0","0","1","0","0","0","0","0","0","0","3","","","","","","136327653","6.78218","7.51904","2.9863","763","6451","thing","Mare Nostrum: Empires","3","5","120","120","90","2016","3,4,5","5","12+","Some necessary text - easily memorized or small crib sheet","","","","","","standalone","","","","","","","","","","","","","","",""
"Monumental","248125","0","0","0","1","0","0","0","0","0","0","0","3","","","","","","135517443","6.36746","7.41202","2.8889","1623","4616","thing","Monumental","1","4","120","120","90","2020","1,2,3","2,3","12+","Moderate in-game text - needs crib sheet or paste ups","","","","","","standalone","","","","","","","","","","","","","","",""
"Monumental: Lost Kingdoms","266939","0","0","0","1","0","0","0","0","0","0","0","3","","","","","","135517463","5.65988","7.24847","3","0","1913","thing","Monumental: Lost Kingdoms","1","5","120","120","90","2020","3,4","3","","","","","","","","expansion","","","","","","","","","","","","","","",""
"Movie Empire","241829","0","0","0","1","0","0","0","0","0","0","0","3","","","","","","135517540","5.56365","6.67958","2.5","11452","388","thing","Movie Empire","1","4","120","120","45","2020","1,2,3,4","3,4","12+","No necessary in-game text","","","","","","standalone","","","","","","","","","","","","","","",""
"Mystic Vale","194607","8","0","0","1","0","0","0","0","0","0","0","3","","","","","","136327699","6.93332","7.23692","2.2591","569","17410","thing","Mystic Vale","2","4","45","45","45","2016","2,3,4","2","10+","Moderate in-game text - needs crib sheet or paste ups","","","","","","standalone","","","","","","","","","","","","","","",""
"Mystic Vale: Vale of the Wild","220502","8","0","0","1","0","0","0","0","0","0","0","3","","","","","","136327719","6.23928","7.87623","2.4286","0","4455","thing","Mystic Vale: Vale of the Wild","2","4","45","45","45","2017","2,3,4","2","12+","Moderate in-game text - needs crib sheet or paste ups","","","","","","expansion","","","","","","","","","","","","","","",""
"Mythic Battles: Pantheon","186751","0","0","0","1","0","0","0","0","0","0","0","3","","","","","","135517313","6.98029","8.30503","3.0602","509","6759","thing","Mythic Battles: Pantheon","2","4","90","90","60","2019","2,3,4","2","10+","Extensive use of text - massive conversion needed to be playable","","","","","","standalone","","","","","","","","","","","","Monolith Board Games","English; French","2019","English/French 1.5 edition 2019"
"Mythic Battles: Pantheon – Atlas","242993","0","0","0","1","0","0","0","0","0","0","0","3","","","","","","136130298","5.68935","8.13751","0","0","2313","thing","Mythic Battles: Pantheon – Atlas","2","4","0","0","0","2017","","","","","","","","","","expansion","","","","","","","","","","","","","","",""
"Mythic Battles: Pantheon – Compendium","219999","0","0","0","1","0","0","0","0","0","0","0","3","","","","","","136130301","5.61851","8","0","0","1538","thing","Mythic Battles: Pantheon – Compendium","1","4","90","90","45","2017","","","","","","","","","","expansion","","","","","","","","","","","","","","",""
"Mythic Battles: Pantheon – Dionysus","255505","0","0","0","1","0","0","0","0","0","0","0","3","","","","","","136130304","5.58785","8.69059","0","0","1132","thing","Mythic Battles: Pantheon – Dionysus","1","4","90","90","60","2018","","","","","","","","","","expansion","","","","","","","","","","","","","","",""
"Mythic Battles: Pantheon – Echidna's Children","218877","0","0","0","1","0","0","0","0","0","0","0","3","","","","","","136130295","5.6186","8.19837","0","0","1521","thing","Mythic Battles: Pantheon – Echidna's Children","2","4","90","90","45","2017","","","","","","","","","","expansion","","","","","","","","","","","","","","",""
"Mythic Battles: Pantheon – Hephaistos","218880","0","0","0","1","0","0","0","0","0","0","0","3","","","","","","136130292","5.68552","8.44554","0","0","1892","thing","Mythic Battles: Pantheon – Hephaistos","2","4","90","90","45","2017","","","","","","","","","","expansion","","","","","","","","","","","","","","",""
"Mythic Battles: Pantheon – Hera Expansion","218879","0","0","0","1","0","0","0","0","0","0","0","3","","","","","","136130289","5.71328","8.46473","0","0","2025","thing","Mythic Battles: Pantheon – Hera Expansion","2","4","90","90","45","2017","","","","","","","","","","expansion","","","","","","","","","","","","","","",""
"Mythic Battles: Pantheon – Heroes of the Trojan Wars","218884","0","0","0","1","0","0","0","0","0","0","0","3","","","","","","136130288","5.66691","8.31273","0","0","1840","thing","Mythic Battles: Pantheon – Heroes of the Trojan Wars","2","4","90","90","45","2017","","","","Extensive use of text - massive conversion needed to be playable","","","","","","expansion","","","","","","","","","","","","","","",""
"Mythic Battles: Pantheon – Judges of the Underworld","218883","0","0","0","1","0","0","0","0","0","0","0","3","","","","","","136130287","5.62833","8.20652","0","0","1691","thing","Mythic Battles: Pantheon – Judges of the Underworld","2","4","90","90","45","2017","","","","","","","","","","expansion","","","","","","","","","","","","","","",""
"Mythic Battles: Pantheon – Manticore","218882","0","0","0","1","0","0","0","0","0","0","0","3","","","","","","136130309","5.6442","8.38993","0","0","1699","thing","Mythic Battles: Pantheon – Manticore","2","4","90","90","45","2017","","","","","","","","","","expansion","","","","","","","","","","","","","","",""
"Mythic Battles: Pantheon – Oedipus Vs. the Sphinx","218881","0","0","0","1","0","0","0","0","0","0","0","3","","","","","","136130308","5.61491","8.12698","0","0","1677","thing","Mythic Battles: Pantheon – Oedipus Vs. the Sphinx","2","4","90","90","45","2017","","","","","","","","","","expansion","","","","","","","","","","","","","","",""
"Mythic Battles: Pantheon – Pandora's Box","220000","0","0","0","1","0","0","0","0","0","0","0","3","","","","","","136130310","5.94926","8.68704","3","0","5053","thing","Mythic Battles: Pantheon – Pandora's Box","1","4","90","90","45","2017","","","","","","","","","","expansion","","","","","","","","","","","","","","",""
"Mythic Battles: Pantheon – Poseidon Expansion","213527","0","0","0","1","0","0","0","0","0","0","0","3","","","","","","136130311","5.70032","8.49167","3","0","1924","thing","Mythic Battles: Pantheon – Poseidon Expansion","2","4","0","0","0","2017","","","","","","","","","","expansion","","","","","","","","","","","","","","",""
"Mythic Battles: Pantheon – Rise of the Titans","218876","0","0","0","1","0","0","0","0","0","0","0","3","","","","","","136130312","5.67631","8.36761","3","0","1852","thing","Mythic Battles: Pantheon – Rise of the Titans","2","4","90","90","45","2017","","","","","","","","","","expansion","","","","","","","","","","","","","","",""
"Mythic Battles: Ragnarök","331398","0","0","0","1","0","0","0","0","0","0","0","3","","","","","","135517305","6.02477","8.40919","3.3226","2951","2042","thing","Mythic Battles: Ragnarök","2","4","90","90","60","2023","2,4","2","12+","Extensive use of text - massive conversion needed to be playable","","","","","","standalone","","","","","","","","","","","","","","",""
"Mythic Battles: Ragnarök – Ymir","255504","7","0","0","1","0","0","0","0","0","0","0","3","","","","","","136327348","5.60212","8.55098","0","0","1333","thing","Mythic Battles: Ragnarök – Ymir","1","4","90","90","60","2018","","","","","","","","","","expansion","","","","","","","","","","","","","","",""
"Nemesis","167355","0","0","0","1","0","0","0","0","0","0","0","3","","","","","","135517161","7.95115","8.25309","3.4824","23","48015","thing","Nemesis","1","5","180","180","90","2018","1,2,3,4,5","4,5","14+","Moderate in-game text - needs crib sheet or paste ups","","","","","","standalone","","","","","","","","","","","","","","",""
"Nemesis: Aftermath","318351","0","0","0","1","0","0","0","0","0","0","0","3","","","","","","136130520","6.25248","8.35534","3.3182","0","7112","thing","Nemesis: Aftermath","1","5","60","60","45","2021","3,4,5","4","12+","Extensive use of text - massive conversion needed to be playable","","","","","","expansion","","","","","","","","","","","","","","",""
"Nemesis: Lockdown","310100","0","0","0","1","0","0","0","0","0","0","0","3","","","","","","135517141","7.51219","8.27008","3.9018","124","18686","thing","Nemesis: Lockdown","1","5","180","180","90","2022","1,2,3,4,5","4","14+","Extensive use of text - massive conversion needed to be playable","","","","","","standalone","","","","","","","","","","","","","","",""
"Nemesis: Retaliation","381248","0","0","0","1","0","0","0","0","0","0","0","3","","","","","","135517531","6.50195","8.85093","3.7143","1278","4838","thing","Nemesis: Retaliation","1","5","180","180","120","2025","1,2,3,4,5","4,5","14+","Extensive use of text - massive conversion needed to be playable","","","","","","standalone","","","","","","","","","","","","","","",""
"Nemesis: Retaliation","381248","0","0","0","1","0","0","0","0","0","0","0","3","","","","","","136328517","6.50195","8.85093","3.7143","1278","4838","thing","Nemesis: Retaliation","1","5","180","180","120","2025","1,2,3,4,5","4,5","14+","Extensive use of text - massive conversion needed to be playable","","","","","","standalone","","","","","","","","","","","","","","",""
"Oathsworn: Into the Deepwood","251661","9","0","0","1","0","0","0","0","0","0","0","3","","","","","","135537166","7.7216","8.80513","3.6886","62","12224","thing","Oathsworn: Into the Deepwood","1","4","90","90","30","2022","1,2,3,4","2,4","14+","Unplayable in another language","","","","","","standalone","","","","","","","","","","","","","","",""
"Prêt-à-Porter","87890","0","0","0","1","0","0","0","0","0","0","0","3","","","","","","135517243","6.71509","7.27921","3.5643","863","9543","thing","Prêt-à-Porter","2","4","90","90","90","2010","2,3,4","4","14+","Some necessary text - easily memorized or small crib sheet","","","","","","standalone","","","","","","","","","","","","","","",""
"Race for the Galaxy","28143","8","0","0","1","0","0","0","0","0","0","0","3","","","","","","136130471","7.61917","7.73829","2.9919","89","72736","thing","Race for the Galaxy","2","4","60","60","30","2007","2,3,4","2","12+","Some necessary text - easily memorized or small crib sheet","","","","","","standalone","","","","","","","","","","","","","","",""
"Railways of Nippon","214988","0","0","0","1","0","0","0","0","0","0","0","3","","","","","","135517350","5.9042","7.5931","2.2308","3724","1291","thing","Railways of Nippon","2","4","120","120","90","2018","3,4","4","12+","Moderate in-game text - needs crib sheet or paste ups","","","","","","standalone","","","","","","","","","","","","","","",""
"Reichbusters: Projekt Vril","262733","8","0","0","1","0","0","0","0","0","0","0","3","","","","","","136327867","5.80786","7.38797","3.0714","4559","1746","thing","Reichbusters: Projekt Vril","1","4","90","90","45","2020","1,2,3,4","4","12+","Some necessary text - easily memorized or small crib sheet","","","","","","standalone","","","","","","","","","","","","","","",""
"Relic","128442","7","0","0","1","0","0","0","0","0","0","0","3","","","","","","136327611","6.17017","6.75585","2.4747","2290","6783","thing","Relic","2","4","120","120","60","2013","2,3,4","3,4","10+","Extensive use of text - massive conversion needed to be playable","","","","","","standalone","","","","","","","","","","","","","","",""
"Relic: Nemesis","153758","8","0","0","1","0","0","0","0","0","0","0","3","","","","","","136327621","5.77854","7.2019","2.7368","0","2376","thing","Relic: Nemesis","2","6","150","150","150","2014","2,3,4,5","3","10+","Extensive use of text - massive conversion needed to be playable","","","","","","expansion","","","","","","","","","","","","","","",""
"Rising Sun","205896","8","0","0","1","0","0","0","0","0","0","0","3","","","","","","136327764","7.45602","7.7566","3.2994","149","28916","thing","Rising Sun","3","5","120","120","90","2018","3,4,5","4,5","14+","Some necessary text - easily memorized or small crib sheet","","","","","","standalone","","","","","","","","","","","","","","",""
"Robot Quest Arena","304668","8","0","0","1","0","0","0","0","0","0","0","3","","","","","","136130781","6.32898","7.69592","2.1429","1733","3027","thing","Robot Quest Arena","2","4","60","60","30","2023","2,3,4","4","8+","Extensive use of text - massive conversion needed to be playable","","","","","","standalone","","","","","","","","","","","","","","",""
"Roll for the Galaxy","132531","8","0","0","1","0","0","0","0","0","0","0","3","","","","","","136327744","7.41155","7.57052","2.7807","164","40328","thing","Roll for the Galaxy","2","5","45","45","45","2014","2,3,4,5","3,4","10+","Moderate in-game text - needs crib sheet or paste ups","","","","","","standalone","","","","","","","","","","","","","","",""
"Roll Player","169426","0","0","0","1","0","0","0","0","0","0","0","3","","","","","","135517098","7.21361","7.42554","2.4215","287","33388","thing","Roll Player","1","4","90","90","60","2016","1,2,3,4","3","10+","Extensive use of text - massive conversion needed to be playable","","","","","","standalone","","","","","","","","","","","","Thunderworks Games","English","2016","English edition"
"Root","237182","8","0","0","1","0","0","0","0","0","0","0","3","","","","","","136267106","7.88268","8.07034","3.8344","33","94723","thing","Root","2","4","90","90","60","2018","3,4","4","12+","Extensive use of text - massive conversion needed to be playable","","","","","","standalone","","","","","","","","","","","","","","",""
"Root: The Riverfolk Expansion","241386","8","0","0","1","0","0","0","0","0","0","0","3","","","","","","136267124","7.75551","8.42721","3.8733","0","36580","thing","Root: The Riverfolk Expansion","1","6","90","90","60","2018","3,4,5","4","12+","Extensive use of text - massive conversion needed to be playable","","","","","","expansion","","","","","","","","","","","","","","",""
"Root: The Underworld Expansion","272637","8","0","0","1","0","0","0","0","0","0","0","3","","","","","","136267113","7.74484","8.71109","3.6304","0","26958","thing","Root: The Underworld Expansion","2","6","90","90","60","2020","3,4,5","4","10+","Extensive use of text - massive conversion needed to be playable","","","","","","expansion","","","","","","","","","","","","","","",""
"Runewars","59294","8","0","0","1","0","0","0","0","0","0","0","3","","","","","","136327681","7.0903","7.60834","3.7839","398","11163","thing","Runewars","2","4","240","240","180","2010","2,3,4","4","14+","Extensive use of text - massive conversion needed to be playable","","","","","","standalone","","","","","","","","","","","","","","",""
"Rurik: Dawn of Kiev","228328","8","0","0","1","0","0","0","0","0","0","0","3","","","","","","136267197","6.64239","7.68062","3.0756","1000","3458","thing","Rurik: Dawn of Kiev","1","4","120","120","60","2019","1,2,3,4","4","10+","Some necessary text - easily memorized or small crib sheet","","","","","","standalone","","","","","","","","","","","","","","",""
"Rurik: Dawn of Kiev – Kickstarter Edition","288316","0","0","0","1","0","0","0","0","0","0","0","3","","","","","","135517338","5.80779","7.93541","2.8","0","951","thing","Rurik: Dawn of Kiev – Kickstarter Edition","1","4","120","120","60","2019","1,2,3,4","3,4","10+","Moderate in-game text - needs crib sheet or paste ups","","","","","","standalone","","","","","","","","","","","","","","",""
"Skull Tales","166776","0","0","0","1","0","0","0","0","0","0","0","3","","","","","","135517505","5.67576","7.6683","3.3333","6624","528","thing","Skull Tales","1","4","180","180","120","2015","1,2,3,4","3,4","10+","Moderate in-game text - needs crib sheet or paste ups","","","","","","standalone","","","","","","","","","","","","","","",""
"Skull Tales: Full Sail!","248949","8","0","0","1","0","0","0","0","0","0","0","3","","","","","","136267177","6.04047","7.76508","3.918","2871","2853","thing","Skull Tales: Full Sail!","1","5","150","150","60","2019","1,2,3,4,5","4","12+","Extensive use of text - massive conversion needed to be playable","","","","","","standalone","","","","","","","","","","","","","","",""
"Skull Tales: Full Sail! – Mega-Expansion","282082","8","0","0","1","0","0","0","0","0","0","0","3","","","","","","136267184","5.6359","7.80961","3.5","0","1102","thing","Skull Tales: Full Sail! – Mega-Expansion","1","5","150","150","60","2019","","","","","","","","","","expansion","","","","","","","","","","","","","","",""
"Skytear","259061","0","0","0","1","0","0","0","0","0","0","0","3","","","","","","135517357","6.0279","7.76681","3.3148","2935","2392","thing","Skytear","2","4","45","45","45","2020","2,4","2","12+","Extensive use of text - massive conversion needed to be playable","","","","","","standalone","","","","","","","","","","","","","","",""
"Starcadia Quest","257193","8","0","0","1","0","0","0","0","0","0","0","3","","","","","","135517107","6.03685","7.34022","2.6667","2891","3474","thing","Starcadia Quest","2","4","60","60","60","2020","2,3,4","4","8+","Moderate in-game text - needs crib sheet or paste ups","","","","","","standalone","","","","","","","","","","","","","","",""
"Starcadia Quest: ARRRmada","260117","8","0","0","1","0","0","0","0","0","0","0","3","","","","","","136130433","5.58098","7.6589","2","0","1485","thing","Starcadia Quest: ARRRmada","2","4","60","60","60","2020","3,4","4","14+","","","","","","","expansion","","","","","","","","","","","","","","",""
"Starcadia Quest: Thornetroopers","274507","0","0","0","1","0","0","0","0","0","0","0","3","","","","","","136130430","5.55229","7.51639","3","0","955","thing","Starcadia Quest: Thornetroopers","2","4","60","0","60","2020","3,4","4","","","","","","","","expansion","","","","","","","","","","","","","","",""
"The Stifling Dark","346773","0","0","0","1","0","0","0","0","0","0","0","3","","","","","","135537187","5.68637","7.45242","3.1429","6385","1158","thing","The Stifling Dark","2","5","120","120","60","2024","3,4,5","5","12+","Moderate in-game text - needs crib sheet or paste ups","","","","","","standalone","","","","","","","","","","","","","","",""
"Stockpile","161614","9","0","0","1","0","0","0","0","0","0","0","3","","","","","","136130331","6.96475","7.42658","2.1208","530","8056","thing","Stockpile","2","5","45","45","45","2015","3,4,5","4,5","12+","No necessary in-game text","","","","","","standalone","","","","","","","","","","","","","","",""
"Tail Feathers","179820","0","0","0","1","0","0","0","0","0","0","0","3","","","","","","135517472","5.81095","7.01692","3.1111","4524","3817","thing","Tail Feathers","2","4","90","90","60","2015","2","2","8+","Moderate in-game text - needs crib sheet or paste ups","","","","","","standalone","","","","","","","","","","","","","","",""
"Tainted Grail: Kings of Ruin","360366","9","0","0","1","0","0","0","0","0","0","0","3","","","","","","136130524","6.20259","8.722","3.3077","2165","4278","thing","Tainted Grail: Kings of Ruin","1","4","120","120","90","2024","1,2,3","1,2","12+","Extensive use of text - massive conversion needed to be playable","","","","","","standalone","","","","","","","","","","","","","","",""
"Terracotta Army","350458","8","0","0","1","0","0","0","0","0","0","0","3","","","","","","136730758","6.34538","7.40296","3.3667","1684","4701","thing","Terracotta Army","1","4","120","120","90","2022","2,3,4","3","12+","No necessary in-game text","","","","","","standalone","","","","","","","","","","","","","","",""
"Time of Legends: Joan of Arc","230791","0","0","0","1","0","0","0","0","0","0","0","3","","","","","","135517018","6.11332","7.83872","3.5143","2532","3317","thing","Time of Legends: Joan of Arc","2","4","90","90","45","2019","1,2,3,4","2","12+","Moderate in-game text - needs crib sheet or paste ups","","","","","","standalone","","","","","","","","","","","","","","",""
"Tsukuyumi: Full Moon Down","185538","8","0","0","1","0","0","0","0","0","0","0","3","","","","","","136327577","6.11266","7.82942","3.7705","2535","1711","thing","Tsukuyumi: Full Moon Down","3","5","180","180","90","2018","2,3,4,5","4","14+","Extensive use of text - massive conversion needed to be playable","","","","","","standalone","","","","","","","","","","","","","","",""
"Unfathomable","340466","0","0","0","1","0","0","0","0","0","0","0","3","","","","","","136130448","6.9067","7.4771","3.1333","600","14529","thing","Unfathomable","3","6","240","240","120","2021","4,5,6","5","12+","Extensive use of text - massive conversion needed to be playable","","","","","","standalone","","","","","","","","","","","","","","",""
"Unfathomable: From the Abyss","416590","0","0","0","1","0","0","0","0","0","0","0","3","","","","","","136130449","5.70726","8.17896","3.6","0","1598","thing","Unfathomable: From the Abyss","3","6","180","180","180","2024","5","5","14+","","","","","","","expansion","","","","","","","","","","","","","","",""
"War of the Ring: Kings of Middle-earth","299490","8","0","0","1","0","0","0","0","0","0","0","3","","","","","","136327339","5.86552","8.67772","3.625","0","3349","thing","War of the Ring: Kings of Middle-earth","2","4","150","150","150","2023","2,3,4","2","14+","","","","","","","expansion","","","","","","","","","","","","","","",""
"War of the Ring: Lords of Middle-earth","122328","0","0","0","1","0","0","0","0","0","0","0","3","","","","","","136130759","7.02936","8.67057","3.8219","0","12455","thing","War of the Ring: Lords of Middle-earth","2","4","180","180","180","2012","2,3,4","2","14+","Extensive use of text - massive conversion needed to be playable","","","","","","expansion","","","","","","","","","","","","","","",""
"War of the Ring: Second Edition","115746","9","0","0","1","0","0","0","0","0","0","0","3","","","","","","136130756","8.19263","8.54666","4.223","8","39698","thing","War of the Ring: Second Edition","2","4","240","240","150","2011","2","2","14+","Extensive use of text - massive conversion needed to be playable","","","","","","standalone","","","","","","","","","","","","","","",""
"War of the Ring: Warriors of Middle-earth","179404","0","0","0","1","0","0","0","0","0","0","0","3","","","","","","136130758","6.53539","8.31263","4.1212","0","9908","thing","War of the Ring: Warriors of Middle-earth","2","4","180","180","150","2016","2,4","2","14+","Unplayable in another language","","","","","","expansion","","","","","","","","","","","","","","",""
"War of the Worlds: The New Wave","226631","0","0","0","1","0","0","0","0","0","0","0","3","","","","","","135517525","5.90522","7.02835","2.2083","3717","2112","thing","War of the Worlds: The New Wave","2","2","45","45","45","2019","2","2","10+","Moderate in-game text - needs crib sheet or paste ups","","","","","","standalone","","","","","","","","","","","","","","",""
"Warhammer: Diskwars","146418","9","0","0","1","0","0","0","0","0","0","0","3","","","","","","137358154","6.18195","7.07168","2.7717","2250","4482","thing","Warhammer: Diskwars","2","4","90","90","45","2013","2,3,4","2","12+","Extensive use of text - massive conversion needed to be playable","","","","","","standalone","","","","","","","","","","","","","","",""
"Wiz-War (Eighth Edition)","104710","8","0","0","1","0","0","0","0","0","0","0","3","","","","","","136327394","6.54291","7.0599","2.3187","1190","7642","thing","Wiz-War (Eighth Edition)","2","4","60","60","30","2012","2,3,4","4","12+","Extensive use of text - massive conversion needed to be playable","","","","","","standalone","","","","","","","","","","","","","","",""
"Wiz-War: Malefic Curses","147473","8","0","0","1","0","0","0","0","0","0","0","3","","","","","","136327390","5.90916","7.87547","2.25","0","1892","thing","Wiz-War: Malefic Curses","2","5","120","120","120","2014","2,3,4,5","4,5","12+","Extensive use of text - massive conversion needed to be playable","","","","","","expansion","","","","","","","","","","","","","","",""
"The World of SMOG: Rise of Moloch","209324","8","0","0","1","0","0","0","0","0","0","0","3","","","","","","136327809","6.07986","7.687","2.9091","2685","3384","thing","The World of SMOG: Rise of Moloch","2","5","90","90","45","2018","2,3,4,5","2,5","14+","Moderate in-game text - needs crib sheet or paste ups","","","","","","standalone","","","","","","","","","","","","","","",""
"The World of SMOG: Rise of Moloch – Arcanist Extras Box","260826","8","0","0","1","0","0","0","0","0","0","0","3","","","","","","136327847","5.56508","8.36885","3","0","771","thing","The World of SMOG: Rise of Moloch – Arcanist Extras Box","2","5","90","90","45","2018","3,4,5","5","","","","","","","","expansion","","","","","","","","","","","","","","",""
"The World of SMOG: Rise of Moloch – The Embassy","218416","8","0","0","1","0","0","0","0","0","0","0","3","","","","","","136327835","5.58672","7.91563","0","0","1692","thing","The World of SMOG: Rise of Moloch – The Embassy","2","5","90","90","45","2018","","","","","","","","","","expansion","","","","","","","","","","","","","","",""
"Xia: Embers of a Forsaken Star","199329","0","0","0","1","0","0","0","0","0","0","0","3","","","","","","135517420","7.2417","8.71622","3.4909","0","10079","thing","Xia: Embers of a Forsaken Star","1","5","180","180","60","2017","1,2,3,4","3","10+","Some necessary text - easily memorized or small crib sheet","","","","","","expansion","","","","","","","","","","","","","","",""
"Xia: Legends of a Drift System","82222","0","0","0","1","0","0","0","0","0","0","0","3","","","","","","135517415","7.37335","7.85874","3.1965","193","16689","thing","Xia: Legends of a Drift System","3","5","180","180","60","2014","2,3,4","3","10+","Moderate in-game text - needs crib sheet or paste ups","","","","","","standalone","","","","","","","","","","","","","","",""
"Zombicide: Invader","248065","0","0","0","1","0","0","0","0","0","0","0","3","","","","","","135517265","6.62649","7.75628","2.3523","1019","7557","thing","Zombicide: Invader","1","6","60","60","60","2019","1,2,3,4,5,6","3","10+","Some necessary text - easily memorized or small crib sheet","","","","","","standalone","","","","","","","","","","","","","","",""
"Zombicide: Invader – Black Ops","250843","0","0","0","1","0","0","0","0","0","0","0","3","","","","","","135517519","5.84224","7.90793","2.2857","0","3564","thing","Zombicide: Invader – Black Ops","1","12","60","60","60","2019","1,2,3,4,5,6","2,3,6","12+","","","","","","","expansion","","","","","","","","","","","","","","",""
